lead_id,domain,website,resolved_url,business_name,email,city,state,niche,source_query,opportunity_score,opportunity_band,subject_line,email_body,follow_up_1,follow_up_2,call_notes
deerparkroofing.com,deerparkroofing.com,https://www.deerparkroofing.com/,https://www.deerparkroofing.com/,#1 Cincinnati Roofing Company,glara@roofingcorp.com,Cincinnati,OH,Roofing,Roofing Cincinnati OH,64,Warm,Quick idea for #1 Cincinnati Roofing Company's inbound leads,"Hi #1 Cincinnati Roofing Company team,

I took a quick look at #1 Cincinnati Roofing Company's website and noticed there does not seem to be an instant way for leads to get a response when the team is busy.

#1 Cincinnati Roofing Company does not appear to have instant chat or after-hours lead capture on the site. The biggest opening looks like missed-call text-back and website lead qualification, especially for a Roofing business in Cincinnati.

We install a lightweight system for roofing companies that handles missed-call text-back, instant website lead capture, and simple qualification/booking without replacing your existing website.

For a market like Cincinnati, recovering even one or two good leads can usually pay for the setup quickly.

If useful, I can send over a short demo built around #1 Cincinnati Roofing Company's current workflow.

Lead Rescue AI
Lead Rescue AI
hello@example.com
555-555-5555
123 Main St, City, State ZIP

If you would rather not hear from me again, reply and I will close the loop.","Hi #1 Cincinnati Roofing Company team,

Circling back on this because the opportunity still looks like high-ticket niche, no visible chat widget, no text-first contact path.

If you want, I can send a 2-minute demo showing how missed calls and web leads could be routed automatically.

Lead Rescue AI","Hi #1 Cincinnati Roofing Company team,

Last note from me. If after-hours or missed leads are already covered, no worries.

If not, I can share a short example install for a roofing business and you can decide from there.

Lead Rescue AI","Anchor the conversation around one recovered roofing job. Lead with speed-to-lead, after-hours coverage, and easy installation."
molloyroofing.com,molloyroofing.com,https://www.molloyroofing.com/,https://www.molloyroofing.com/,Trusted Roofing & Gutter Excellence,,Cincinnati,OH,Roofing,Roofing Cincinnati OH,64,Warm,Quick idea for Trusted Roofing & Gutter Excellence's inbound leads,"Hi Trusted Roofing & Gutter Excellence team,

I took a quick look at Trusted Roofing & Gutter Excellence's website and noticed there does not seem to be an instant way for leads to get a response when the team is busy.

Trusted Roofing & Gutter Excellence does not appear to have instant chat or after-hours lead capture on the site. The biggest opening looks like missed-call text-back and website lead qualification, especially for a Roofing business in Cincinnati.

We install a lightweight system for roofing companies that handles missed-call text-back, instant website lead capture, and simple qualification/booking without replacing your existing website.

For a market like Cincinnati, recovering even one or two good leads can usually pay for the setup quickly.

If useful, I can send over a short demo built around Trusted Roofing & Gutter Excellence's current workflow.

Lead Rescue AI
Lead Rescue AI
hello@example.com
555-555-5555
123 Main St, City, State ZIP

If you would rather not hear from me again, reply and I will close the loop.","Hi Trusted Roofing & Gutter Excellence team,

Circling back on this because the opportunity still looks like high-ticket niche, no visible chat widget, no text-first contact path.

If you want, I can send a 2-minute demo showing how missed calls and web leads could be routed automatically.

Lead Rescue AI","Hi Trusted Roofing & Gutter Excellence team,

Last note from me. If after-hours or missed leads are already covered, no worries.

If not, I can share a short example install for a roofing business and you can decide from there.

Lead Rescue AI","Anchor the conversation around one recovered roofing job. Lead with speed-to-lead, after-hours coverage, and easy installation."
krscincy.com,krscincy.com,https://www.krscincy.com/,https://www.krscincy.com/,"Roof Repairs & Roof Replacements in Hamilton, Cincinnati, West Chester",logo@2x.png,Cincinnati,OH,Roofing,Roofing Cincinnati OH,72,Hot,"Quick idea for Roof Repairs & Roof Replacements in Hamilton, Cincinnati, West Chester's inbound leads","Hi Roof Repairs & Roof Replacements in Hamilton, Cincinnati, West Chester team,

I took a quick look at Roof Repairs & Roof Replacements in Hamilton, Cincinnati, West Chester's website and noticed there does not seem to be an instant way for leads to get a response when the team is busy.

Roof Repairs & Roof Replacements in Hamilton, Cincinnati, West Chester does not appear to have instant chat or after-hours lead capture on the site. The biggest opening looks like after-hours lead capture for urgent jobs and dispatch follow-up, especially for a Roofing business in Cincinnati.

We install a lightweight system for roofing companies that handles missed-call text-back, instant website lead capture, and simple qualification/booking without replacing your existing website.

For a market like Cincinnati, recovering even one or two good leads can usually pay for the setup quickly.

If useful, I can send over a short demo built around Roof Repairs & Roof Replacements in Hamilton, Cincinnati, West Chester's current workflow.

Lead Rescue AI
Lead Rescue AI
hello@example.com
555-555-5555
123 Main St, City, State ZIP

If you would rather not hear from me again, reply and I will close the loop.","Hi Roof Repairs & Roof Replacements in Hamilton, Cincinnati, West Chester team,

Circling back on this because the opportunity still looks like high-ticket niche, no visible chat widget, no text-first contact path.

If you want, I can send a 2-minute demo showing how missed calls and web leads could be routed automatically.

Lead Rescue AI","Hi Roof Repairs & Roof Replacements in Hamilton, Cincinnati, West Chester team,

Last note from me. If after-hours or missed leads are already covered, no worries.

If not, I can share a short example install for a roofing business and you can decide from there.

Lead Rescue AI","Anchor the conversation around one recovered roofing job. Lead with speed-to-lead, after-hours coverage, and easy installation."
thomasgalbraith.com,thomasgalbraith.com,https://thomasgalbraith.com/plumbing/,https://thomasgalbraith.com/plumbing/,Cincinnati Plumbing Services,,Cincinnati,OH,Plumbing,Plumbing Cincinnati OH,60,Warm,Quick idea for Cincinnati Plumbing Services's inbound leads,"Hi Cincinnati Plumbing Services team,

I took a quick look at Cincinnati Plumbing Services's website and noticed there does not seem to be an instant way for leads to get a response when the team is busy.

Cincinnati Plumbing Services does not appear to have instant chat or after-hours lead capture on the site. The biggest opening looks like after-hours lead capture for urgent jobs and dispatch follow-up, especially for a Plumbing business in Cincinnati.

We install a lightweight system for plumbing companies that handles missed-call text-back, instant website lead capture, and simple qualification/booking without replacing your existing website.

For a market like Cincinnati, recovering even one or two good leads can usually pay for the setup quickly.

If useful, I can send over a short demo built around Cincinnati Plumbing Services's current workflow.

Lead Rescue AI
Lead Rescue AI
hello@example.com
555-555-5555
123 Main St, City, State ZIP

If you would rather not hear from me again, reply and I will close the loop.","Hi Cincinnati Plumbing Services team,

Circling back on this because the opportunity still looks like high-ticket niche, no visible chat widget, no text-first contact path.

If you want, I can send a 2-minute demo showing how missed calls and web leads could be routed automatically.

Lead Rescue AI","Hi Cincinnati Plumbing Services team,

Last note from me. If after-hours or missed leads are already covered, no worries.

If not, I can share a short example install for a plumbing business and you can decide from there.

Lead Rescue AI","Anchor the conversation around one recovered plumbing job. Lead with speed-to-lead, after-hours coverage, and easy installation."
neyerplumbing.com,neyerplumbing.com,https://www.neyerplumbing.com/plumber,https://www.neyerplumbing.com/plumber,Plumbing Services,,Cincinnati,OH,Plumbing,Plumbing Cincinnati OH,60,Warm,Quick idea for Plumbing Services's inbound leads,"Hi Plumbing Services team,

I took a quick look at Plumbing Services's website and noticed there does not seem to be an instant way for leads to get a response when the team is busy.

Plumbing Services does not appear to have instant chat or after-hours lead capture on the site. The biggest opening looks like after-hours lead capture for urgent jobs and dispatch follow-up, especially for a Plumbing business in Cincinnati.

We install a lightweight system for plumbing companies that handles missed-call text-back, instant website lead capture, and simple qualification/booking without replacing your existing website.

For a market like Cincinnati, recovering even one or two good leads can usually pay for the setup quickly.

If useful, I can send over a short demo built around Plumbing Services's current workflow.

Lead Rescue AI
Lead Rescue AI
hello@example.com
555-555-5555
123 Main St, City, State ZIP

If you would rather not hear from me again, reply and I will close the loop.","Hi Plumbing Services team,

Circling back on this because the opportunity still looks like high-ticket niche, no visible chat widget, no text-first contact path.

If you want, I can send a 2-minute demo showing how missed calls and web leads could be routed automatically.

Lead Rescue AI","Hi Plumbing Services team,

Last note from me. If after-hours or missed leads are already covered, no worries.

If not, I can share a short example install for a plumbing business and you can decide from there.

Lead Rescue AI","Anchor the conversation around one recovered plumbing job. Lead with speed-to-lead, after-hours coverage, and easy installation."
apollohome.com,apollohome.com,https://apollohome.com/,https://apollohome.com/,"HVAC, Plumbing, & Electrical Services in Cincinnati & Dayton, OH",chosen-sprite@2x.png,Cincinnati,OH,HVAC,HVAC Cincinnati OH,36,Cool,"Quick idea for HVAC, Plumbing, & Electrical Services in Cincinnati & Dayton, OH's inbound leads","Hi HVAC, Plumbing, & Electrical Services in Cincinnati & Dayton, OH team,

I took a quick look at HVAC, Plumbing, & Electrical Services in Cincinnati & Dayton, OH's website and noticed there does not seem to be an instant way for leads to get a response when the team is busy.

HVAC, Plumbing, & Electrical Services in Cincinnati & Dayton, OH already has the basics online, but there is room to tighten lead response. The biggest opening looks like after-hours lead capture for urgent jobs and dispatch follow-up, especially for a HVAC business in Cincinnati.

We install a lightweight system for hvac companies that handles missed-call text-back, instant website lead capture, and simple qualification/booking without replacing your existing website.

For a market like Cincinnati, recovering even one or two good leads can usually pay for the setup quickly.

If useful, I can send over a short demo built around HVAC, Plumbing, & Electrical Services in Cincinnati & Dayton, OH's current workflow.

Lead Rescue AI
Lead Rescue AI
hello@example.com
555-555-5555
123 Main St, City, State ZIP

If you would rather not hear from me again, reply and I will close the loop.","Hi HVAC, Plumbing, & Electrical Services in Cincinnati & Dayton, OH team,

Circling back on this because the opportunity still looks like high-ticket niche, no text-first contact path, speed matters for after-hours or urgent leads.

If you want, I can send a 2-minute demo showing how missed calls and web leads could be routed automatically.

Lead Rescue AI","Hi HVAC, Plumbing, & Electrical Services in Cincinnati & Dayton, OH team,

Last note from me. If after-hours or missed leads are already covered, no worries.

If not, I can share a short example install for a hvac business and you can decide from there.

Lead Rescue AI","Anchor the conversation around one recovered hvac job. Lead with speed-to-lead, after-hours coverage, and easy installation."
cincinnatiheatingandcooling.com,cincinnatiheatingandcooling.com,https://cincinnatiheatingandcooling.com/,https://cincinnatiheatingandcooling.com/,"HVAC Contractor Cincinnati, OH",office@airpluscincinnati.com,Cincinnati,OH,HVAC,HVAC Cincinnati OH,72,Hot,"Quick idea for HVAC Contractor Cincinnati, OH's inbound leads","Hi HVAC Contractor Cincinnati, OH team,

I took a quick look at HVAC Contractor Cincinnati, OH's website and noticed there does not seem to be an instant way for leads to get a response when the team is busy.

HVAC Contractor Cincinnati, OH does not appear to have instant chat or after-hours lead capture on the site. The biggest opening looks like after-hours lead capture for urgent jobs and dispatch follow-up, especially for a HVAC business in Cincinnati.

We install a lightweight system for hvac companies that handles missed-call text-back, instant website lead capture, and simple qualification/booking without replacing your existing website.

For a market like Cincinnati, recovering even one or two good leads can usually pay for the setup quickly.

If useful, I can send over a short demo built around HVAC Contractor Cincinnati, OH's current workflow.

Lead Rescue AI
Lead Rescue AI
hello@example.com
555-555-5555
123 Main St, City, State ZIP

If you would rather not hear from me again, reply and I will close the loop.","Hi HVAC Contractor Cincinnati, OH team,

Circling back on this because the opportunity still looks like high-ticket niche, no visible chat widget, no text-first contact path.

If you want, I can send a 2-minute demo showing how missed calls and web leads could be routed automatically.

Lead Rescue AI","Hi HVAC Contractor Cincinnati, OH team,

Last note from me. If after-hours or missed leads are already covered, no worries.

If not, I can share a short example install for a hvac business and you can decide from there.

Lead Rescue AI","Anchor the conversation around one recovered hvac job. Lead with speed-to-lead, after-hours coverage, and easy installation."
renewmechanical.net,renewmechanical.net,https://renewmechanical.net/,https://renewmechanical.net/,Expert HVAC Repair & Installation,office@renewmechanical.net,Cincinnati,OH,HVAC,HVAC Cincinnati OH,100,Hot,Quick idea for Expert HVAC Repair & Installation's inbound leads,"Hi Expert HVAC Repair & Installation team,

I took a quick look at Expert HVAC Repair & Installation's website and noticed there does not seem to be an instant way for leads to get a response when the team is busy.

Expert HVAC Repair & Installation does not appear to have instant chat or after-hours lead capture on the site. The biggest opening looks like after-hours lead capture for urgent jobs and dispatch follow-up, especially for a HVAC business in Cincinnati.

We install a lightweight system for hvac companies that handles missed-call text-back, instant website lead capture, and simple qualification/booking without replacing your existing website.

For a market like Cincinnati, recovering even one or two good leads can usually pay for the setup quickly.

If useful, I can send over a short demo built around Expert HVAC Repair & Installation's current workflow.

Lead Rescue AI
Lead Rescue AI
hello@example.com
555-555-5555
123 Main St, City, State ZIP

If you would rather not hear from me again, reply and I will close the loop.","Hi Expert HVAC Repair & Installation team,

Circling back on this because the opportunity still looks like high-ticket niche, no visible chat widget, no obvious booking flow.

If you want, I can send a 2-minute demo showing how missed calls and web leads could be routed automatically.

Lead Rescue AI","Hi Expert HVAC Repair & Installation team,

Last note from me. If after-hours or missed leads are already covered, no worries.

If not, I can share a short example install for a hvac business and you can decide from there.

Lead Rescue AI","Anchor the conversation around one recovered hvac job. Lead with speed-to-lead, after-hours coverage, and easy installation."
cincywaterdamagerestoration.com,cincywaterdamagerestoration.com,https://cincywaterdamagerestoration.com/,https://cincywaterdamagerestoration.com/,Cincy Water Damage Restoration,,Cincinnati,OH,Water Damage Restoration,Water Damage Restoration Cincinnati OH,74,Hot,Quick idea for Cincy Water Damage Restoration's inbound leads,"Hi Cincy Water Damage Restoration team,

I took a quick look at Cincy Water Damage Restoration's website and noticed there does not seem to be an instant way for leads to get a response when the team is busy.

Cincy Water Damage Restoration does not appear to have instant chat or after-hours lead capture on the site. The biggest opening looks like after-hours lead capture for urgent jobs and dispatch follow-up, especially for a Water Damage Restoration business in Cincinnati.

We install a lightweight system for water damage restoration companies that handles missed-call text-back, instant website lead capture, and simple qualification/booking without replacing your existing website.

For a market like Cincinnati, recovering even one or two good leads can usually pay for the setup quickly.

If useful, I can send over a short demo built around Cincy Water Damage Restoration's current workflow.

Lead Rescue AI
Lead Rescue AI
hello@example.com
555-555-5555
123 Main St, City, State ZIP

If you would rather not hear from me again, reply and I will close the loop.","Hi Cincy Water Damage Restoration team,

Circling back on this because the opportunity still looks like no visible chat widget, no text-first contact path, lightweight lead capture.

If you want, I can send a 2-minute demo showing how missed calls and web leads could be routed automatically.

Lead Rescue AI","Hi Cincy Water Damage Restoration team,

Last note from me. If after-hours or missed leads are already covered, no worries.

If not, I can share a short example install for a water damage restoration business and you can decide from there.

Lead Rescue AI","Anchor the conversation around one recovered water damage restoration job. Lead with speed-to-lead, after-hours coverage, and easy installation."
allclaimsrepairs.com,allclaimsrepairs.com,https://www.allclaimsrepairs.com/water-damage-restoration-cincinnati-oh/,https://www.allclaimsrepairs.com/water-damage-restoration-cincinnati-oh/,Cincinnati Water and Fire Damage Restoration,,Cincinnati,OH,Water Damage Restoration,Water Damage Restoration Cincinnati OH,90,Hot,Quick idea for Cincinnati Water and Fire Damage Restoration's inbound leads,"Hi Cincinnati Water and Fire Damage Restoration team,

I took a quick look at Cincinnati Water and Fire Damage Restoration's website and noticed there does not seem to be an instant way for leads to get a response when the team is busy.

Cincinnati Water and Fire Damage Restoration does not appear to have instant chat or after-hours lead capture on the site. The biggest opening looks like after-hours lead capture for urgent jobs and dispatch follow-up, especially for a Water Damage Restoration business in Cincinnati.

We install a lightweight system for water damage restoration companies that handles missed-call text-back, instant website lead capture, and simple qualification/booking without replacing your existing website.

For a market like Cincinnati, recovering even one or two good leads can usually pay for the setup quickly.

If useful, I can send over a short demo built around Cincinnati Water and Fire Damage Restoration's current workflow.

Lead Rescue AI
Lead Rescue AI
hello@example.com
555-555-5555
123 Main St, City, State ZIP

If you would rather not hear from me again, reply and I will close the loop.","Hi Cincinnati Water and Fire Damage Restoration team,

Circling back on this because the opportunity still looks like no visible chat widget, no obvious booking flow, no text-first contact path.

If you want, I can send a 2-minute demo showing how missed calls and web leads could be routed automatically.

Lead Rescue AI","Hi Cincinnati Water and Fire Damage Restoration team,

Last note from me. If after-hours or missed leads are already covered, no worries.

If not, I can share a short example install for a water damage restoration business and you can decide from there.

Lead Rescue AI","Anchor the conversation around one recovered water damage restoration job. Lead with speed-to-lead, after-hours coverage, and easy installation."
iconpropertyrescue.com,iconpropertyrescue.com,https://iconpropertyrescue.com/water-damage-cincinnati-oh/,https://iconpropertyrescue.com/water-damage-cincinnati-oh/,Cincinnati Water Damage Restoration,,Cincinnati,OH,Water Damage Restoration,Water Damage Restoration Cincinnati OH,60,Warm,Quick idea for Cincinnati Water Damage Restoration's inbound leads,"Hi Cincinnati Water Damage Restoration team,

I took a quick look at Cincinnati Water Damage Restoration's website and noticed there does not seem to be an instant way for leads to get a response when the team is busy.

Cincinnati Water Damage Restoration does not appear to have instant chat or after-hours lead capture on the site. The biggest opening looks like after-hours lead capture for urgent jobs and dispatch follow-up, especially for a Water Damage Restoration business in Cincinnati.

We install a lightweight system for water damage restoration companies that handles missed-call text-back, instant website lead capture, and simple qualification/booking without replacing your existing website.

For a market like Cincinnati, recovering even one or two good leads can usually pay for the setup quickly.

If useful, I can send over a short demo built around Cincinnati Water Damage Restoration's current workflow.

Lead Rescue AI
Lead Rescue AI
hello@example.com
555-555-5555
123 Main St, City, State ZIP

If you would rather not hear from me again, reply and I will close the loop.","Hi Cincinnati Water Damage Restoration team,

Circling back on this because the opportunity still looks like no visible chat widget, no text-first contact path, lightweight lead capture.

If you want, I can send a 2-minute demo showing how missed calls and web leads could be routed automatically.

Lead Rescue AI","Hi Cincinnati Water Damage Restoration team,

Last note from me. If after-hours or missed leads are already covered, no worries.

If not, I can share a short example install for a water damage restoration business and you can decide from there.

Lead Rescue AI","Anchor the conversation around one recovered water damage restoration job. Lead with speed-to-lead, after-hours coverage, and easy installation."
