lead_id,business_name,email,opportunity_score,stage,subject,body
renewmechanical.net,Expert HVAC Repair & Installation,office@renewmechanical.net,100,initial,Quick idea for Expert HVAC Repair & Installation's inbound leads,"Hi Expert HVAC Repair & Installation team,

I took a quick look at Expert HVAC Repair & Installation's website and noticed there does not seem to be an instant way for leads to get a response when the team is busy.

Expert HVAC Repair & Installation does not appear to have instant chat or after-hours lead capture on the site. The biggest opening looks like after-hours lead capture for urgent jobs and dispatch follow-up, especially for a HVAC business in Cincinnati.

We install a lightweight system for hvac companies that handles missed-call text-back, instant website lead capture, and simple qualification/booking without replacing your existing website.

For a market like Cincinnati, recovering even one or two good leads can usually pay for the setup quickly.

If useful, I can send over a short demo built around Expert HVAC Repair & Installation's current workflow.

Lead Rescue AI
Lead Rescue AI
hello@example.com
555-555-5555
123 Main St, City, State ZIP

If you would rather not hear from me again, reply and I will close the loop."
cincinnatiheatingandcooling.com,"HVAC Contractor Cincinnati, OH",office@airpluscincinnati.com,72,initial,"Quick idea for HVAC Contractor Cincinnati, OH's inbound leads","Hi HVAC Contractor Cincinnati, OH team,

I took a quick look at HVAC Contractor Cincinnati, OH's website and noticed there does not seem to be an instant way for leads to get a response when the team is busy.

HVAC Contractor Cincinnati, OH does not appear to have instant chat or after-hours lead capture on the site. The biggest opening looks like after-hours lead capture for urgent jobs and dispatch follow-up, especially for a HVAC business in Cincinnati.

We install a lightweight system for hvac companies that handles missed-call text-back, instant website lead capture, and simple qualification/booking without replacing your existing website.

For a market like Cincinnati, recovering even one or two good leads can usually pay for the setup quickly.

If useful, I can send over a short demo built around HVAC Contractor Cincinnati, OH's current workflow.

Lead Rescue AI
Lead Rescue AI
hello@example.com
555-555-5555
123 Main St, City, State ZIP

If you would rather not hear from me again, reply and I will close the loop."
deerparkroofing.com,#1 Cincinnati Roofing Company,glara@roofingcorp.com,64,initial,Quick idea for #1 Cincinnati Roofing Company's inbound leads,"Hi #1 Cincinnati Roofing Company team,

I took a quick look at #1 Cincinnati Roofing Company's website and noticed there does not seem to be an instant way for leads to get a response when the team is busy.

#1 Cincinnati Roofing Company does not appear to have instant chat or after-hours lead capture on the site. The biggest opening looks like missed-call text-back and website lead qualification, especially for a Roofing business in Cincinnati.

We install a lightweight system for roofing companies that handles missed-call text-back, instant website lead capture, and simple qualification/booking without replacing your existing website.

For a market like Cincinnati, recovering even one or two good leads can usually pay for the setup quickly.

If useful, I can send over a short demo built around #1 Cincinnati Roofing Company's current workflow.

Lead Rescue AI
Lead Rescue AI
hello@example.com
555-555-5555
123 Main St, City, State ZIP

If you would rather not hear from me again, reply and I will close the loop."
