city,state
Charlotte,NC
Raleigh,NC
Tampa,FL
Orlando,FL
Jacksonville,FL
Atlanta,GA
Nashville,TN
Dallas,TX
Fort Worth,TX
Houston,TX
San Antonio,TX
Austin,TX
Phoenix,AZ
Mesa,AZ
Las Vegas,NV
Denver,CO
Colorado Springs,CO
Kansas City,MO
St. Louis,MO
Oklahoma City,OK
Tulsa,OK
Indianapolis,IN
Columbus,OH
Cincinnati,OH
Louisville,KY
Richmond,VA
Virginia Beach,VA
Norfolk,VA
Baltimore,MD
Philadelphia,PA
Pittsburgh,PA
Cleveland,OH
Milwaukee,WI
Minneapolis,MN
Detroit,MI
Birmingham,AL
New Orleans,LA
Memphis,TN
Greenville,SC
Charleston,SC
